<?xml version="1.0" encoding="UTF-8"?>
<!DOCTYPE fontscolors PUBLIC "-//NetBeans//DTD Editor Fonts and Colors settings 1.1//EN" "http://www.netbeans.org/dtds/EditorFontsColors-1_1.dtd">
<fontscolors>
    <fontcolor name="error" waveUnderlined="red"/>
    <fontcolor foreColor="ffdc8732" name="char"/>
    <fontcolor foreColor="ff32c832" name="keyword"/>
    <fontcolor foreColor="black" name="whitespace"/>
    <fontcolor default="keyword" name="markup-element"/>
    <fontcolor foreColor="orange" name="number"/>
    <fontcolor name="url" underline="blue"/>
    <fontcolor name="operator"/>
    <fontcolor default="identifier" foreColor="ff009900" name="field"/>
    <fontcolor bgColor="ff212121" foreColor="ffc4d6d6" name="default">
        <font name="Monospaced" size="14" style="plain"/>
    </fontcolor>
    <fontcolor foreColor="ffdc8732" name="string"/>
    <fontcolor default="string" name="markup-attribute-value"/>
    <fontcolor default="default" foreColor="black" name="entity-reference">
        <font style="bold"/>
    </fontcolor>
    <fontcolor default="identifier" foreColor="ffd6d6d6" name="method"/>
    <fontcolor foreColor="ff969696" name="comment"/>
    <fontcolor name="identifier"/>
    <fontcolor name="warning" waveUnderlined="yellow"/>
    <fontcolor foreColor="ffd6d6d6" name="separator"/>
    <fontcolor default="field" name="markup-attribute"/>
</fontscolors>
