<?xml version="1.0" encoding="UTF-8"?>
<!DOCTYPE fontscolors PUBLIC "-//NetBeans//DTD Editor Fonts and Colors settings 1.1//EN" "http://www.netbeans.org/dtds/EditorFontsColors-1_1.dtd">
<fontscolors>
    <fontcolor name="mod-method">
        <font style="bold+italic"/>
    </fontcolor>
    <fontcolor default="number" name="constant"/>
    <fontcolor default="error" name="error"/>
    <fontcolor default="keyword" name="keyword"/>
    <fontcolor default="whitespace" name="whitespace"/>
    <fontcolor default="regexp" foreColor="ffa8f19f" name="mod-regexp"/>
    <fontcolor default="field" foreColor="ffa3f2ff" name="mod-global"/>
    <fontcolor default="operator" name="operator"/>
    <fontcolor name="mod-class"/>
    <fontcolor name="mod-unused" waveUnderlined="ff474747"/>
    <fontcolor bgColor="ff2b2b2b" foreColor="ff8f9ee7" name="mark-occurrences" waveUnderlined="ff424242">
        <font style="bold"/>
    </fontcolor>
    <fontcolor default="string" name="string"/>
    <fontcolor default="comment" name="COMMENT"/>
    <fontcolor default="field" name="mod-field"/>
    <fontcolor default="identifier" name="identifier"/>
    <fontcolor default="comment" name="COMMENT_KEYWORD">
        <font style="bold"/>
    </fontcolor>
    <fontcolor default="comment" foreColor="ff9999ff" name="COMMENT_HTML">
        <font style="bold"/>
    </fontcolor>
</fontscolors>
