<?xml version="1.0" encoding="UTF-8"?>
<!DOCTYPE fontscolors PUBLIC "-//NetBeans//DTD Editor Fonts and Colors settings 1.1//EN" "http://www.netbeans.org/dtds/EditorFontsColors-1_1.dtd">
<fontscolors>
    <fontcolor name="code-folding"/>
    <fontcolor foreColor="ffeeeeee" name="caret-color-insert-mode"/>
    <fontcolor foreColor="ff6b8eb2" name="nbeditor-bracesMatching-sidebar"/>
    <fontcolor bgColor="ffe0e8f1" foreColor="black" name="block-search"/>
    <fontcolor foreColor="ff3d3d3d" name="text-limit-line-color"/>
    <fontcolor foreColor="lightGray" name="readonly-files"/>
    <fontcolor bgColor="ff414141" name="nbeditor-bracesMatching-match-multichar"/>
    <fontcolor bgColor="ff3c3c3c" foreColor="ff7eb4bf" name="line-number"/>
    <fontcolor bgColor="ff303030" name="highlight-caret-row"/>
    <fontcolor foreColor="ffa4a4ff" name="hyperlinks" underline="blue"/>
    <fontcolor foreColor="red" name="status-bar-bold"/>
    <fontcolor name="caret-color-overwrite-mode"/>
    <fontcolor bgColor="ff424242" name="selection"/>
    <fontcolor name="status-bar"/>
    <fontcolor bgColor="ffffb442" foreColor="black" name="inc-search"/>
    <fontcolor foreColor="ffcc0099" name="synchronized-text-blocks-ext"/>
    <fontcolor foreColor="ff666666" name="code-folding-bar"/>
    <fontcolor bgColor="ffc79c79" foreColor="black" name="highlight-search"/>
    <fontcolor bgColor="ffffa0a0" foreColor="black" name="nbeditor-bracesMatching-mismatch-multichar"/>
    <fontcolor foreColor="ff996600" name="synchronized-text-blocks-ext-slave"/>
    <fontcolor name="guarded"/>
    <fontcolor bgColor="ff414141" name="nbeditor-bracesMatching-match"/>
    <fontcolor bgColor="ffffa0a0" foreColor="black" name="nbeditor-bracesMatching-mismatch"/>
</fontscolors>
